{"documents_spanisharticlesplitter.pkl": {"Average response time": 1.615938261349996, "Average faithfulness": 0.9266666666666666, "Average relevancy": 0.94, "Average context relevancy": 0.8454166666666667}}