{"documents_spanisharticlesplitter.pkl": {"Average response time": 1.5593131311734518, "Average faithfulness": 0.9433333333333334, "Average relevancy": 0.9433333333333334, "Average context relevancy": 0.8564583333333333}, "documents_charactersplitter_400.pkl": {"Average response time": 1.5219240840276083, "Average faithfulness": 0.95, "Average relevancy": 0.9066666666666666, "Average context relevancy": 0.7179166666666666}, "documents_recursivecharactersplitter_400.pkl": {"Average response time": 1.5043285497029621, "Average faithfulness": 0.9266666666666666, "Average relevancy": 0.8666666666666667, "Average context relevancy": 0.6904166666666667}, "documents_recursivecharactersplitter_200.pkl": {"Average response time": 1.4323885711034139, "Average faithfulness": 0.9466666666666667, "Average relevancy": 0.85, "Average context relevancy": 0.6479166666666667}, "documents_charactersplitter_300.pkl": {"Average response time": 1.2982958563168843, "Average faithfulness": 0.91, "Average relevancy": 0.8266666666666667, "Average context relevancy": 0.66625}, "documents_recursivecharactersplitter_300.pkl": {"Average response time": 1.3876017459233603, "Average faithfulness": 0.94, "Average relevancy": 0.8966666666666666, "Average context relevancy": 0.6895833333333333}, "documents_charactersplitter_200.pkl": {"Average response time": 1.360127779642741, "Average faithfulness": 0.9133333333333333, "Average relevancy": 0.8166666666666667, "Average context relevancy": 0.6458333333333334}}